Contrast,Duration,Spread,PixelEnergy,PixelEnergy_mean,SpectralEnergy,NormalizedSpectralEnergy
0.018,0.05,5,489317.40846,5.22574019031142,45817724858.5605,0.00153117741759128
0.018,0.05,10,489317.40846,5.22574019031142,45817724858.5605,0.00153117741759128
0.018,0.05,15,489317.40846,5.22574019031142,45817724858.5605,0.00153117741759128
0.018,0.05,20,489317.40846,5.22574019031142,45817724858.5605,0.00153117741759128
0.018,0.05,25,489317.40846,5.22574019031142,45817724858.5605,0.00153117741759128
0.018,0.05,30,489317.40846,5.22574019031142,45817724858.5605,0.00153117741759128
0.018,0.05,35,489317.40846,5.22574019031142,45817724858.5605,0.00153117741759128
0.018,0.05,40,489317.40846,5.22574019031142,45817724858.5605,0.00153117741759128
0.018,0.05,45,489317.40846,5.22574019031142,45817724858.5605,0.00153117741759128
0.018,0.05,50,489317.40846,5.22574019031142,45817724858.5606,0.00153117741759128
0.018,0.08,5,733978.725588,5.22575879354094,103090247923.737,0.00344516145404414
0.018,0.08,10,733978.725588,5.22575879354094,103090247923.737,0.00344516145404414
0.018,0.08,15,733978.725588,5.22575879354094,103090247923.737,0.00344516145404413
0.018,0.08,20,733978.725588,5.22575879354095,103090247923.737,0.00344516145404413
0.018,0.08,25,733978.725588,5.22575879354094,103090247923.737,0.00344516145404413
0.018,0.08,30,733978.725588,5.22575879354095,103090247923.737,0.00344516145404413
0.018,0.08,35,733978.725588,5.22575879354094,103090247923.737,0.00344516145404413
0.018,0.08,40,733978.725588,5.22575879354094,103090247923.737,0.00344516145404413
0.018,0.08,45,733978.725588,5.22575879354095,103090247923.737,0.00344516145404413
0.018,0.08,50,733978.725588,5.22575879354095,103090247923.737,0.00344516145404414
0.018,0.09,5,856309.384152,5.22576410874938,140317424615.299,0.00468925230418486
0.018,0.09,10,856309.384152,5.22576410874938,140317424615.299,0.00468925230418486
0.018,0.09,15,856309.384152,5.22576410874938,140317424615.299,0.00468925230418486
0.018,0.09,20,856309.384152,5.22576410874938,140317424615.299,0.00468925230418486
0.018,0.09,25,856309.384152,5.22576410874938,140317424615.299,0.00468925230418486
0.018,0.09,30,856309.384152,5.22576410874938,140317424615.299,0.00468925230418486
0.018,0.09,35,856309.384152,5.22576410874938,140317424615.299,0.00468925230418486
0.018,0.09,40,856309.384152,5.22576410874938,140317424615.299,0.00468925230418486
0.018,0.09,45,856309.384152,5.22576410874938,140317424615.299,0.00468925230418486
0.018,0.09,50,856309.384152,5.22576410874938,140317424615.299,0.00468925230418486
0.018,0.1,5,978640.042716,5.22576809515571,183271878079.511,0.00612474237560179
0.018,0.1,10,978640.042716,5.22576809515571,183271878079.511,0.00612474237560179
0.018,0.1,15,978640.042716,5.22576809515571,183271878079.511,0.00612474237560179
0.018,0.1,20,978640.042716,5.22576809515571,183271878079.511,0.00612474237560179
0.018,0.1,25,978640.042716,5.22576809515571,183271878079.511,0.00612474237560179
0.018,0.1,30,978640.042716,5.22576809515571,183271878079.511,0.00612474237560179
0.018,0.1,35,978640.042716,5.22576809515571,183271878079.511,0.00612474237560179
0.018,0.1,40,978640.042716,5.22576809515571,183271878079.511,0.0061247423756018
0.018,0.1,45,978640.042716,5.22576809515571,183271878079.511,0.00612474237560179
0.018,0.1,50,978640.042716,5.22576809515571,183271878079.511,0.00612474237560179
0.018,0.12,5,1100970.70128,5.22577119569396,231953608316.372,0.00775163166829493
0.018,0.12,10,1100970.70128,5.22577119569396,231953608316.371,0.00775163166829492
0.018,0.12,15,1100970.70128,5.22577119569396,231953608316.371,0.00775163166829492
0.018,0.12,20,1100970.70128,5.22577119569396,231953608316.372,0.00775163166829493
0.018,0.12,25,1100970.70128,5.22577119569396,231953608316.372,0.00775163166829493
0.018,0.12,30,1100970.70128,5.22577119569396,231953608316.372,0.00775163166829493
0.018,0.12,35,1100970.70128,5.22577119569396,231953608316.372,0.00775163166829492
0.018,0.12,40,1100970.70128,5.22577119569396,231953608316.371,0.00775163166829492
0.018,0.12,45,1100970.70128,5.22577119569396,231953608316.371,0.00775163166829492
0.018,0.12,50,1100970.70128,5.22577119569396,231953608316.372,0.00775163166829492
0.018,0.15,5,1467962.676972,5.22577739677047,412362459662.85,0.0137806948740315
0.018,0.15,10,1467962.676972,5.22577739677047,412362459662.85,0.0137806948740315
0.018,0.15,15,1467962.676972,5.22577739677047,412362459662.85,0.0137806948740315
0.018,0.15,20,1467962.676972,5.22577739677047,412362459662.85,0.0137806948740315
0.018,0.15,25,1467962.676972,5.22577739677047,412362459662.85,0.0137806948740315
0.018,0.15,30,1467962.676972,5.22577739677047,412362459662.85,0.0137806948740315
0.018,0.15,35,1467962.676972,5.22577739677047,412362459662.85,0.0137806948740315
0.018,0.15,40,1467962.676972,5.22577739677047,412362459662.85,0.0137806948740315
0.018,0.15,45,1467962.676972,5.22577739677047,412362459662.85,0.0137806948740315
0.018,0.15,50,1467962.676972,5.22577739677047,412362459662.85,0.0137806948740315
0.018,0.18,5,1712623.9941,5.22578005437469,561271411090.416,0.0187570664509036
0.018,0.18,10,1712623.9941,5.22578005437469,561271411090.416,0.0187570664509036
0.018,0.18,15,1712623.9941,5.22578005437469,561271411090.416,0.0187570664509036
0.018,0.18,20,1712623.9941,5.22578005437469,561271411090.416,0.0187570664509036
0.018,0.18,25,1712623.9941,5.22578005437469,561271411090.416,0.0187570664509036
0.018,0.18,30,1712623.9941,5.22578005437469,561271411090.416,0.0187570664509036
0.018,0.18,35,1712623.9941,5.22578005437469,561271411090.416,0.0187570664509036
0.018,0.18,40,1712623.9941,5.22578005437469,561271411090.416,0.0187570664509036
0.018,0.18,45,1712623.9941,5.22578005437469,561271411090.417,0.0187570664509036
0.018,0.18,50,1712623.9941,5.22578005437469,561271411090.416,0.0187570664509036
0.018,0.2,5,1834954.652664,5.22578111741638,644316801963.173,0.0215323510712539
0.018,0.2,10,1834954.652664,5.22578111741638,644316801963.173,0.021532351071254
0.018,0.2,15,1834954.652664,5.22578111741638,644316801963.173,0.021532351071254
0.018,0.2,20,1834954.652664,5.22578111741638,644316801963.173,0.021532351071254
0.018,0.2,25,1834954.652664,5.22578111741638,644316801963.173,0.0215323510712539
0.018,0.2,30,1834954.652664,5.22578111741638,644316801963.173,0.0215323510712539
0.018,0.2,35,1834954.652664,5.22578111741638,644316801963.173,0.021532351071254
0.018,0.2,40,1834954.652664,5.22578111741638,644316801963.173,0.021532351071254
0.018,0.2,45,1834954.652664,5.22578111741638,644316801963.173,0.0215323510712539
0.018,0.2,50,1834954.652664,5.22578111741638,644316801963.173,0.021532351071254
0.018,0.25,5,2324277.28692,5.22578425059188,1033771133180.69,0.0345474817654173
0.018,0.25,10,2324277.28692,5.22578425059188,1033771133180.7,0.0345474817654174
0.018,0.25,15,2324277.28692,5.22578425059188,1033771133180.69,0.0345474817654173
0.018,0.25,20,2324277.28692,5.22578425059188,1033771133180.69,0.0345474817654173
0.018,0.25,25,2324277.28692,5.22578425059188,1033771133180.69,0.0345474817654173
0.018,0.25,30,2324277.28692,5.22578425059188,1033771133180.69,0.0345474817654173
0.018,0.25,35,2324277.28692,5.22578425059188,1033771133180.69,0.0345474817654173
0.018,0.25,40,2324277.28692,5.22578425059188,1033771133180.69,0.0345474817654174
0.018,0.25,45,2324277.28692,5.22578425059188,1033771133180.69,0.0345474817654173
0.018,0.25,50,2324277.28692,5.22578425059188,1033771133180.69,0.0345474817654173
0.018,0.3,5,2813599.921176,5.2257862939672,1514861892760.61,0.050625
0.018,0.3,10,2813599.921176,5.2257862939672,1514861892760.61,0.050625
0.018,0.3,15,2813599.921176,5.2257862939672,1514861892760.61,0.050625
0.018,0.3,20,2813599.921176,5.2257862939672,1514861892760.61,0.050625
0.018,0.3,25,2813599.921176,5.2257862939672,1514861892760.61,0.050625
0.018,0.3,30,2813599.921176,5.2257862939672,1514861892760.61,0.050625
0.018,0.3,35,2813599.921176,5.2257862939672,1514861892760.61,0.050625
0.018,0.3,40,2813599.921176,5.2257862939672,1514861892760.61,0.050625
0.018,0.3,45,2813599.921176,5.2257862939672,1514861892760.61,0.050625
0.018,0.3,50,2813599.921176,5.2257862939672,1514861892760.61,0.050625
0.019,0.05,5,545196.248315,5.82250681698278,51049995907.2233,0.00170603409799522
0.019,0.05,10,545196.248315,5.82250681698278,51049995907.2233,0.00170603409799523
0.019,0.05,15,545196.248315,5.82250681698278,51049995907.2233,0.00170603409799522
0.019,0.05,20,545196.248315,5.82250681698278,51049995907.2233,0.00170603409799522
0.019,0.05,25,545196.248315,5.82250681698278,51049995907.2233,0.00170603409799522
0.019,0.05,30,545196.248315,5.82250681698278,51049995907.2233,0.00170603409799522
0.019,0.05,35,545196.248315,5.82250681698278,51049995907.2233,0.00170603409799522
0.019,0.05,40,545196.248315,5.82250681698278,51049995907.2233,0.00170603409799522
0.019,0.05,45,545196.248315,5.82250681698278,51049995907.2233,0.00170603409799522
0.019,0.05,50,545196.248315,5.82250681698278,51049995907.2233,0.00170603409799522
0.019,0.08,5,817797.283757,5.82252754465519,114862899692.806,0.00383859038552448
0.019,0.08,10,817797.283757,5.82252754465519,114862899692.806,0.00383859038552448
0.019,0.08,15,817797.283757,5.82252754465519,114862899692.806,0.00383859038552448
0.019,0.08,20,817797.283757,5.82252754465519,114862899692.806,0.00383859038552448
0.019,0.08,25,817797.283757,5.82252754465519,114862899692.806,0.00383859038552448
0.019,0.08,30,817797.283757,5.82252754465519,114862899692.806,0.00383859038552448
0.019,0.08,35,817797.283757,5.82252754465519,114862899692.806,0.00383859038552448
0.019,0.08,40,817797.283757,5.82252754465519,114862899692.806,0.00383859038552448
0.019,0.08,45,817797.283757,5.82252754465519,114862899692.806,0.00383859038552448
0.019,0.08,50,817797.283757,5.82252754465519,114862899692.806,0.00383859038552448
0.019,0.09,5,954097.801478,5.8225334668473,156341328043.589,0.00522475333892202
0.019,0.09,10,954097.801478,5.8225334668473,156341328043.589,0.00522475333892202
0.019,0.09,15,954097.801478,5.82253346684731,156341328043.589,0.00522475333892202
0.019,0.09,20,954097.801478,5.82253346684731,156341328043.59,0.00522475333892203
0.019,0.09,25,954097.801478,5.8225334668473,156341328043.589,0.00522475333892202
0.019,0.09,30,954097.801478,5.82253346684731,156341328043.589,0.00522475333892202
0.019,0.09,35,954097.801478,5.82253346684731,156341328043.59,0.00522475333892203
0.019,0.09,40,954097.801478,5.8225334668473,156341328043.589,0.00522475333892202
0.019,0.09,45,954097.801478,5.82253346684731,156341328043.589,0.00522475333892202
0.019,0.09,50,954097.801478,5.82253346684731,156341328043.589,0.00522475333892202
0.019,0.1,5,1090398.319199,5.82253790849139,204201074033.035,0.00682417283207484
0.019,0.1,10,1090398.319199,5.82253790849139,204201074033.035,0.00682417283207484
0.019,0.1,15,1090398.319199,5.82253790849139,204201074033.035,0.00682417283207484
0.019,0.1,20,1090398.319199,5.82253790849139,204201074033.035,0.00682417283207484
0.019,0.1,25,1090398.319199,5.82253790849139,204201074033.035,0.00682417283207484
0.019,0.1,30,1090398.319199,5.82253790849139,204201074033.035,0.00682417283207484
0.019,0.1,35,1090398.319199,5.82253790849139,204201074033.035,0.00682417283207484
0.019,0.1,40,1090398.319199,5.82253790849139,204201074033.035,0.00682417283207484
0.019,0.1,45,1090398.319199,5.82253790849139,204201074033.035,0.00682417283207484
0.019,0.1,50,1090398.319199,5.82253790849139,204201074033.035,0.00682417283207484
0.019,0.12,5,1226698.83692,5.82254136310346,258442137661.142,0.00863684886498292
0.019,0.12,10,1226698.83692,5.82254136310346,258442137661.142,0.00863684886498293
0.019,0.12,15,1226698.83692,5.82254136310346,258442137661.142,0.00863684886498293
0.019,0.12,20,1226698.83692,5.82254136310346,258442137661.142,0.00863684886498293
0.019,0.12,25,1226698.83692,5.82254136310346,258442137661.142,0.00863684886498293
0.019,0.12,30,1226698.83692,5.82254136310346,258442137661.142,0.00863684886498293
0.019,0.12,35,1226698.83692,5.82254136310346,258442137661.142,0.00863684886498293
0.019,0.12,40,1226698.83692,5.82254136310346,258442137661.142,0.00863684886498292
0.019,0.12,45,1226698.83692,5.82254136310346,258442137661.142,0.00863684886498292
0.019,0.12,50,1226698.83692,5.82254136310346,258442137661.142,0.00863684886498293
0.019,0.15,5,1635600.390083,5.8225482723276,459453234377.435,0.0153544162022388
0.019,0.15,10,1635600.390083,5.8225482723276,459453234377.435,0.0153544162022388
0.019,0.15,15,1635600.390083,5.82254827232759,459453234377.435,0.0153544162022388
0.019,0.15,20,1635600.390083,5.82254827232759,459453234377.435,0.0153544162022388
0.019,0.15,25,1635600.390083,5.82254827232759,459453234377.435,0.0153544162022388
0.019,0.15,30,1635600.390083,5.8225482723276,459453234377.435,0.0153544162022388
0.019,0.15,35,1635600.390083,5.8225482723276,459453234377.435,0.0153544162022388
0.019,0.15,40,1635600.390083,5.82254827232759,459453234377.435,0.0153544162022388
0.019,0.15,45,1635600.390083,5.8225482723276,459453234377.435,0.0153544162022388
0.019,0.15,50,1635600.390083,5.82254827232759,459453234377.435,0.0153544162022388
0.019,0.18,5,1908201.425525,5.82255123342365,625367220381.606,0.0208990771258525
0.019,0.18,10,1908201.425525,5.82255123342365,625367220381.606,0.0208990771258525
0.019,0.18,15,1908201.425525,5.82255123342365,625367220381.606,0.0208990771258525
0.019,0.18,20,1908201.425525,5.82255123342365,625367220381.606,0.0208990771258525
0.019,0.18,25,1908201.425525,5.82255123342365,625367220381.606,0.0208990771258525
0.019,0.18,30,1908201.425525,5.82255123342365,625367220381.606,0.0208990771258525
0.019,0.18,35,1908201.425525,5.82255123342365,625367220381.606,0.0208990771258525
0.019,0.18,40,1908201.425525,5.82255123342365,625367220381.606,0.0208990771258525
0.019,0.18,45,1908201.425525,5.82255123342365,625367220381.606,0.0208990771258525
0.019,0.18,50,1908201.425525,5.82255123342365,625367220381.606,0.0208990771258525
0.019,0.2,5,2044501.943246,5.82255241786207,717896189841.683,0.0239912923972922
0.019,0.2,10,2044501.943246,5.82255241786208,717896189841.684,0.0239912923972922
0.019,0.2,15,2044501.943246,5.82255241786208,717896189841.684,0.0239912923972922
0.019,0.2,20,2044501.943246,5.82255241786208,717896189841.684,0.0239912923972922
0.019,0.2,25,2044501.943246,5.82255241786208,717896189841.684,0.0239912923972922
0.019,0.2,30,2044501.943246,5.82255241786208,717896189841.683,0.0239912923972922
0.019,0.2,35,2044501.943246,5.82255241786208,717896189841.684,0.0239912923972922
0.019,0.2,40,2044501.943246,5.82255241786208,717896189841.684,0.0239912923972922
0.019,0.2,45,2044501.943246,5.82255241786208,717896189841.684,0.0239912923972922
0.019,0.2,50,2044501.943246,5.82255241786208,717896189841.684,0.0239912923972922
0.019,0.25,5,2589704.01413,5.82255590883848,1151825244068.61,0.0384927188806039
0.019,0.25,10,2589704.01413,5.82255590883848,1151825244068.61,0.0384927188806039
0.019,0.25,15,2589704.01413,5.82255590883848,1151825244068.61,0.0384927188806039
0.019,0.25,20,2589704.01413,5.82255590883848,1151825244068.61,0.0384927188806039
0.019,0.25,25,2589704.01413,5.82255590883848,1151825244068.61,0.0384927188806039
0.019,0.25,30,2589704.01413,5.82255590883848,1151825244068.61,0.0384927188806039
0.019,0.25,35,2589704.01413,5.82255590883848,1151825244068.61,0.0384927188806039
0.019,0.25,40,2589704.01413,5.82255590883848,1151825244068.61,0.0384927188806039
0.019,0.25,45,2589704.01413,5.82255590883848,1151825244068.61,0.0384927188806039
0.019,0.25,50,2589704.01413,5.82255590883848,1151825244068.61,0.0384927188806039
0.019,0.3,5,3134906.085014,5.82255818556222,1687855380514.13,0.05640625
0.019,0.3,10,3134906.085014,5.82255818556222,1687855380514.13,0.05640625
0.019,0.3,15,3134906.085014,5.82255818556222,1687855380514.13,0.05640625
0.019,0.3,20,3134906.085014,5.82255818556222,1687855380514.13,0.05640625
0.019,0.3,25,3134906.085014,5.82255818556222,1687855380514.13,0.05640625
0.019,0.3,30,3134906.085014,5.82255818556222,1687855380514.13,0.05640625
0.019,0.3,35,3134906.085014,5.82255818556222,1687855380514.13,0.05640625
0.019,0.3,40,3134906.085014,5.82255818556222,1687855380514.13,0.05640625
0.019,0.3,45,3134906.085014,5.82255818556222,1687855380514.13,0.05640625
0.019,0.3,50,3134906.085014,5.82255818556222,1687855380514.13,0.05640625
0.02,0.05,5,604095.566,6.4515310991499,56565092417.976,0.00189034249085343
0.02,0.05,10,604095.566,6.4515310991499,56565092417.976,0.00189034249085344
0.02,0.05,15,604095.566,6.4515310991499,56565092417.976,0.00189034249085343
0.02,0.05,20,604095.566,6.4515310991499,56565092417.976,0.00189034249085344
0.02,0.05,25,604095.566,6.4515310991499,56565092417.976,0.00189034249085343
0.02,0.05,30,604095.566,6.4515310991499,56565092417.976,0.00189034249085343
0.02,0.05,35,604095.566,6.4515310991499,56565092417.976,0.00189034249085344
0.02,0.05,40,604095.566,6.4515310991499,56565092417.976,0.00189034249085343
0.02,0.05,45,604095.566,6.4515310991499,56565092417.976,0.00189034249085343
0.02,0.05,50,604095.566,6.4515310991499,56565092417.976,0.00189034249085343
0.02,0.08,5,906146.5748,6.45155406609993,127271911016.959,0.0042532857457335
0.02,0.08,10,906146.5748,6.45155406609993,127271911016.959,0.0042532857457335
0.02,0.08,15,906146.5748,6.45155406609993,127271911016.959,0.0042532857457335
0.02,0.08,20,906146.5748,6.45155406609994,127271911016.959,0.0042532857457335
0.02,0.08,25,906146.5748,6.45155406609993,127271911016.959,0.0042532857457335
0.02,0.08,30,906146.5748,6.45155406609993,127271911016.959,0.0042532857457335
0.02,0.08,35,906146.5748,6.45155406609993,127271911016.959,0.0042532857457335
0.02,0.08,40,906146.5748,6.45155406609993,127271911016.959,0.0042532857457335
0.02,0.08,45,906146.5748,6.45155406609993,127271911016.959,0.0042532857457335
0.02,0.08,50,906146.5748,6.45155406609993,127271911016.959,0.0042532857457335
0.02,0.09,5,1057172.0792,6.45156062808566,173231388413.95,0.00578920037553687
0.02,0.09,10,1057172.0792,6.45156062808566,173231388413.95,0.00578920037553687
0.02,0.09,15,1057172.0792,6.45156062808566,173231388413.95,0.00578920037553687
0.02,0.09,20,1057172.0792,6.45156062808566,173231388413.95,0.00578920037553687
0.02,0.09,25,1057172.0792,6.45156062808566,173231388413.95,0.00578920037553687
0.02,0.09,30,1057172.0792,6.45156062808566,173231388413.949,0.00578920037553687
0.02,0.09,35,1057172.0792,6.45156062808566,173231388413.949,0.00578920037553687
0.02,0.09,40,1057172.0792,6.45156062808566,173231388413.95,0.00578920037553687
0.02,0.09,45,1057172.0792,6.45156062808566,173231388413.949,0.00578920037553687
0.02,0.09,50,1057172.0792,6.45156062808566,173231388413.949,0.00578920037553687
0.02,0.1,5,1208197.5836,6.45156554957495,226261577875.939,0.00756141034024913
0.02,0.1,10,1208197.5836,6.45156554957495,226261577875.939,0.00756141034024913
0.02,0.1,15,1208197.5836,6.45156554957495,226261577875.939,0.00756141034024913
0.02,0.1,20,1208197.5836,6.45156554957495,226261577875.939,0.00756141034024913
0.02,0.1,25,1208197.5836,6.45156554957495,226261577875.939,0.00756141034024913
0.02,0.1,30,1208197.5836,6.45156554957495,226261577875.939,0.00756141034024913
0.02,0.1,35,1208197.5836,6.45156554957495,226261577875.939,0.00756141034024913
0.02,0.1,40,1208197.5836,6.45156554957495,226261577875.939,0.00756141034024913
0.02,0.1,45,1208197.5836,6.45156554957495,226261577875.939,0.00756141034024913
0.02,0.1,50,1208197.5836,6.45156554957495,226261577875.939,0.00756141034024913
0.02,0.12,5,1359223.088,6.45156937739995,286362479402.928,0.00956991563987029
0.02,0.12,10,1359223.088,6.45156937739995,286362479402.928,0.00956991563987027
0.02,0.12,15,1359223.088,6.45156937739995,286362479402.928,0.00956991563987027
0.02,0.12,20,1359223.088,6.45156937739995,286362479402.928,0.00956991563987028
0.02,0.12,25,1359223.088,6.45156937739995,286362479402.928,0.00956991563987028
0.02,0.12,30,1359223.088,6.45156937739995,286362479402.928,0.00956991563987027
0.02,0.12,35,1359223.088,6.45156937739995,286362479402.928,0.00956991563987028
0.02,0.12,40,1359223.088,6.45156937739995,286362479402.928,0.00956991563987028
0.02,0.12,45,1359223.088,6.45156937739996,286362479402.928,0.00956991563987028
0.02,0.12,50,1359223.088,6.45156937739995,286362479402.928,0.00956991563987028
0.02,0.15,5,1812299.6012,6.45157703304997,509089456373.889,0.0170132035481871
0.02,0.15,10,1812299.6012,6.45157703304997,509089456373.889,0.0170132035481871
0.02,0.15,15,1812299.6012,6.45157703304997,509089456373.89,0.0170132035481871
0.02,0.15,20,1812299.6012,6.45157703304997,509089456373.889,0.0170132035481871
0.02,0.15,25,1812299.6012,6.45157703304996,509089456373.889,0.0170132035481871
0.02,0.15,30,1812299.6012,6.45157703304997,509089456373.889,0.0170132035481871
0.02,0.15,35,1812299.6012,6.45157703304997,509089456373.89,0.0170132035481871
0.02,0.15,40,1812299.6012,6.45157703304997,509089456373.889,0.0170132035481871
0.02,0.15,45,1812299.6012,6.45157703304997,509089456373.889,0.0170132035481871
0.02,0.15,50,1812299.6012,6.45157703304996,509089456373.889,0.0170132035481871
0.02,0.18,5,2114350.61,6.45158031404283,692927668012.86,0.0231568721616094
0.02,0.18,10,2114350.61,6.45158031404283,692927668012.86,0.0231568721616094
0.02,0.18,15,2114350.61,6.45158031404283,692927668012.86,0.0231568721616094
0.02,0.18,20,2114350.61,6.45158031404283,692927668012.86,0.0231568721616094
0.02,0.18,25,2114350.61,6.45158031404283,692927668012.86,0.0231568721616094
0.02,0.18,30,2114350.61,6.45158031404283,692927668012.859,0.0231568721616094
0.02,0.18,35,2114350.61,6.45158031404283,692927668012.86,0.0231568721616094
0.02,0.18,40,2114350.61,6.45158031404283,692927668012.859,0.0231568721616094
0.02,0.18,45,2114350.61,6.45158031404283,692927668012.86,0.0231568721616094
0.02,0.18,50,2114350.61,6.45158031404283,692927668012.86,0.0231568721616094
0.02,0.2,5,2265376.1144,6.45158162643997,795452841929.844,0.0265831494706839
0.02,0.2,10,2265376.1144,6.45158162643998,795452841929.844,0.0265831494706839
0.02,0.2,15,2265376.1144,6.45158162643997,795452841929.844,0.0265831494706839
0.02,0.2,20,2265376.1144,6.45158162643997,795452841929.843,0.0265831494706839
0.02,0.2,25,2265376.1144,6.45158162643997,795452841929.843,0.0265831494706839
0.02,0.2,30,2265376.1144,6.45158162643997,795452841929.844,0.0265831494706839
0.02,0.2,35,2265376.1144,6.45158162643997,795452841929.844,0.0265831494706839
0.02,0.2,40,2265376.1144,6.45158162643997,795452841929.844,0.0265831494706839
0.02,0.2,45,2265376.1144,6.45158162643997,795452841929.843,0.0265831494706839
0.02,0.2,50,2265376.1144,6.45158162643997,795452841929.844,0.0265831494706839
0.02,0.25,5,2869478.132,6.45158549455787,1276260658247.77,0.0426512120560708
0.02,0.25,10,2869478.132,6.45158549455787,1276260658247.77,0.0426512120560708
0.02,0.25,15,2869478.132,6.45158549455788,1276260658247.77,0.0426512120560708
0.02,0.25,20,2869478.132,6.45158549455787,1276260658247.77,0.0426512120560708
0.02,0.25,25,2869478.132,6.45158549455787,1276260658247.77,0.0426512120560708
0.02,0.25,30,2869478.132,6.45158549455787,1276260658247.77,0.0426512120560708
0.02,0.25,35,2869478.132,6.45158549455787,1276260658247.77,0.0426512120560708
0.02,0.25,40,2869478.132,6.45158549455787,1276260658247.77,0.0426512120560708
0.02,0.25,45,2869478.132,6.45158549455787,1276260658247.77,0.0426512120560708
0.02,0.25,50,2869478.132,6.45158549455787,1276260658247.77,0.0426512120560708
0.02,0.3,5,3473580.1496,6.45158801724346,1870199867605.69,0.0625
0.02,0.3,10,3473580.1496,6.45158801724346,1870199867605.69,0.0625
0.02,0.3,15,3473580.1496,6.45158801724346,1870199867605.69,0.0625
0.02,0.3,20,3473580.1496,6.45158801724346,1870199867605.69,0.0625
0.02,0.3,25,3473580.1496,6.45158801724346,1870199867605.69,0.0624999999999999
0.02,0.3,30,3473580.1496,6.45158801724346,1870199867605.69,0.0625
0.02,0.3,35,3473580.1496,6.45158801724346,1870199867605.69,0.0625
0.02,0.3,40,3473580.1496,6.45158801724346,1870199867605.69,0.0625
0.02,0.3,45,3473580.1496,6.45158801724346,1870199867605.69,0.0625
0.02,0.3,50,3473580.1496,6.45158801724346,1870199867605.69,0.0625
0.022,0.05,5,730955.63486,7.80635262997138,68443761825.7509,0.00228731441393266
0.022,0.05,10,730955.63486,7.80635262997138,68443761825.751,0.00228731441393266
0.022,0.05,15,730955.63486,7.80635262997138,68443761825.7509,0.00228731441393266
0.022,0.05,20,730955.63486,7.80635262997138,68443761825.7509,0.00228731441393266
0.022,0.05,25,730955.63486,7.80635262997138,68443761825.7509,0.00228731441393266
0.022,0.05,30,730955.63486,7.80635262997138,68443761825.7509,0.00228731441393266
0.022,0.05,35,730955.63486,7.80635262997138,68443761825.7509,0.00228731441393266
0.022,0.05,40,730955.63486,7.80635262997138,68443761825.7509,0.00228731441393266
0.022,0.05,45,730955.63486,7.80635262997138,68443761825.7509,0.00228731441393266
0.022,0.05,50,730955.63486,7.80635262997138,68443761825.7509,0.00228731441393266
0.022,0.08,5,1096437.355508,7.80638041998092,153999012330.521,0.00514647575233753
0.022,0.08,10,1096437.355508,7.80638041998092,153999012330.521,0.00514647575233753
0.022,0.08,15,1096437.355508,7.80638041998092,153999012330.521,0.00514647575233753
0.022,0.08,20,1096437.355508,7.80638041998092,153999012330.521,0.00514647575233753
0.022,0.08,25,1096437.355508,7.80638041998092,153999012330.521,0.00514647575233753
0.022,0.08,30,1096437.355508,7.80638041998092,153999012330.521,0.00514647575233753
0.022,0.08,35,1096437.355508,7.80638041998092,153999012330.521,0.00514647575233753
0.022,0.08,40,1096437.355508,7.80638041998092,153999012330.521,0.00514647575233753
0.022,0.08,45,1096437.355508,7.80638041998092,153999012330.521,0.00514647575233753
0.022,0.08,50,1096437.355508,7.80638041998092,153999012330.521,0.00514647575233753
0.022,0.09,5,1279178.215832,7.80638835998364,209609979980.879,0.00700493245439961
0.022,0.09,10,1279178.215832,7.80638835998365,209609979980.879,0.00700493245439961
0.022,0.09,15,1279178.215832,7.80638835998364,209609979980.879,0.00700493245439961
0.022,0.09,20,1279178.215832,7.80638835998364,209609979980.879,0.00700493245439961
0.022,0.09,25,1279178.215832,7.80638835998364,209609979980.879,0.00700493245439961
0.022,0.09,30,1279178.215832,7.80638835998364,209609979980.879,0.00700493245439961
0.022,0.09,35,1279178.215832,7.80638835998364,209609979980.879,0.00700493245439961
0.022,0.09,40,1279178.215832,7.80638835998364,209609979980.879,0.00700493245439961
0.022,0.09,45,1279178.215832,7.80638835998364,209609979980.879,0.00700493245439961
0.022,0.09,50,1279178.215832,7.80638835998365,209609979980.879,0.00700493245439961
0.022,0.1,5,1461919.076156,7.80639431498569,273776509229.886,0.00914930651170145
0.022,0.1,10,1461919.076156,7.80639431498569,273776509229.886,0.00914930651170145
0.022,0.1,15,1461919.076156,7.80639431498569,273776509229.886,0.00914930651170144
0.022,0.1,20,1461919.076156,7.80639431498569,273776509229.886,0.00914930651170145
0.022,0.1,25,1461919.076156,7.80639431498569,273776509229.886,0.00914930651170144
0.022,0.1,30,1461919.076156,7.80639431498569,273776509229.886,0.00914930651170145
0.022,0.1,35,1461919.076156,7.80639431498569,273776509229.886,0.00914930651170144
0.022,0.1,40,1461919.076156,7.80639431498569,273776509229.886,0.00914930651170145
0.022,0.1,45,1461919.076156,7.80639431498569,273776509229.886,0.00914930651170145
0.022,0.1,50,1461919.076156,7.80639431498569,273776509229.886,0.00914930651170144
0.022,0.12,5,1644659.93648,7.80639894665395,346498600077.542,0.011579597924243
0.022,0.12,10,1644659.93648,7.80639894665395,346498600077.542,0.011579597924243
0.022,0.12,15,1644659.93648,7.80639894665394,346498600077.543,0.011579597924243
0.022,0.12,20,1644659.93648,7.80639894665394,346498600077.543,0.011579597924243
0.022,0.12,25,1644659.93648,7.80639894665395,346498600077.543,0.011579597924243
0.022,0.12,30,1644659.93648,7.80639894665395,346498600077.543,0.011579597924243
0.022,0.12,35,1644659.93648,7.80639894665395,346498600077.543,0.011579597924243
0.022,0.12,40,1644659.93648,7.80639894665395,346498600077.543,0.011579597924243
0.022,0.12,45,1644659.93648,7.80639894665395,346498600077.543,0.011579597924243
0.022,0.12,50,1644659.93648,7.80639894665395,346498600077.543,0.011579597924243
0.022,0.15,5,2192882.517452,7.80640820999046,615998242212.406,0.0205859762933064
0.022,0.15,10,2192882.517452,7.80640820999046,615998242212.406,0.0205859762933064
0.022,0.15,15,2192882.517452,7.80640820999046,615998242212.406,0.0205859762933064
0.022,0.15,20,2192882.517452,7.80640820999046,615998242212.406,0.0205859762933064
0.022,0.15,25,2192882.517452,7.80640820999046,615998242212.406,0.0205859762933064
0.022,0.15,30,2192882.517452,7.80640820999046,615998242212.406,0.0205859762933064
0.022,0.15,35,2192882.517452,7.80640820999046,615998242212.406,0.0205859762933064
0.022,0.15,40,2192882.517452,7.80640820999046,615998242212.406,0.0205859762933064
0.022,0.15,45,2192882.517452,7.80640820999046,615998242212.406,0.0205859762933064
0.022,0.15,50,2192882.517452,7.80640820999046,615998242212.406,0.0205859762933064
0.022,0.18,5,2558364.2381,7.80641217999182,838442478295.56,0.0280198153155474
0.022,0.18,10,2558364.2381,7.80641217999182,838442478295.56,0.0280198153155474
0.022,0.18,15,2558364.2381,7.80641217999182,838442478295.56,0.0280198153155474
0.022,0.18,20,2558364.2381,7.80641217999182,838442478295.561,0.0280198153155474
0.022,0.18,25,2558364.2381,7.80641217999182,838442478295.56,0.0280198153155474
0.022,0.18,30,2558364.2381,7.80641217999182,838442478295.56,0.0280198153155474
0.022,0.18,35,2558364.2381,7.80641217999182,838442478295.56,0.0280198153155474
0.022,0.18,40,2558364.2381,7.80641217999182,838442478295.56,0.0280198153155474
0.022,0.18,45,2558364.2381,7.80641217999182,838442478295.56,0.0280198153155474
0.022,0.18,50,2558364.2381,7.80641217999182,838442478295.56,0.0280198153155474
0.022,0.2,5,2741105.098424,7.80641376799237,962497938735.111,0.0321656108595275
0.022,0.2,10,2741105.098424,7.80641376799237,962497938735.11,0.0321656108595275
0.022,0.2,15,2741105.098424,7.80641376799237,962497938735.111,0.0321656108595275
0.022,0.2,20,2741105.098424,7.80641376799237,962497938735.111,0.0321656108595275
0.022,0.2,25,2741105.098424,7.80641376799237,962497938735.111,0.0321656108595275
0.022,0.2,30,2741105.098424,7.80641376799237,962497938735.111,0.0321656108595275
0.022,0.2,35,2741105.098424,7.80641376799237,962497938735.111,0.0321656108595275
0.022,0.2,40,2741105.098424,7.80641376799237,962497938735.111,0.0321656108595275
0.022,0.2,45,2741105.098424,7.80641376799237,962497938735.111,0.0321656108595275
0.022,0.2,50,2741105.098424,7.80641376799237,962497938735.111,0.0321656108595275
0.022,0.25,5,3472068.53972,7.80641844841502,1544275396479.8,0.0516079665878457
0.022,0.25,10,3472068.53972,7.80641844841503,1544275396479.8,0.0516079665878457
0.022,0.25,15,3472068.53972,7.80641844841503,1544275396479.8,0.0516079665878457
0.022,0.25,20,3472068.53972,7.80641844841503,1544275396479.8,0.0516079665878456
0.022,0.25,25,3472068.53972,7.80641844841503,1544275396479.8,0.0516079665878457
0.022,0.25,30,3472068.53972,7.80641844841502,1544275396479.8,0.0516079665878457
0.022,0.25,35,3472068.53972,7.80641844841502,1544275396479.8,0.0516079665878457
0.022,0.25,40,3472068.53972,7.80641844841502,1544275396479.8,0.0516079665878457
0.022,0.25,45,3472068.53972,7.80641844841503,1544275396479.8,0.0516079665878457
0.022,0.25,50,3472068.53972,7.80641844841503,1544275396479.8,0.0516079665878457
0.022,0.3,5,4203031.981016,7.80642150086459,2262941839802.88,0.0756249999999999
0.022,0.3,10,4203031.981016,7.80642150086459,2262941839802.88,0.075625
0.022,0.3,15,4203031.981016,7.80642150086459,2262941839802.88,0.0756249999999999
0.022,0.3,20,4203031.981016,7.80642150086459,2262941839802.88,0.075625
0.022,0.3,25,4203031.981016,7.80642150086459,2262941839802.88,0.075625
0.022,0.3,30,4203031.981016,7.80642150086459,2262941839802.88,0.075625
0.022,0.3,35,4203031.981016,7.80642150086459,2262941839802.88,0.075625
0.022,0.3,40,4203031.981016,7.80642150086459,2262941839802.88,0.075625
0.022,0.3,45,4203031.981016,7.80642150086459,2262941839802.88,0.075625
0.022,0.3,50,4203031.981016,7.80642150086459,2262941839802.88,0.075625
0.025,0.05,5,943899.321875,10.0805173424217,88382956903.0874,0.00295366014195849
0.025,0.05,10,943899.321875,10.0805173424217,88382956903.0875,0.00295366014195849
0.025,0.05,15,943899.321875,10.0805173424217,88382956903.0874,0.00295366014195849
0.025,0.05,20,943899.321875,10.0805173424217,88382956903.0874,0.00295366014195849
0.025,0.05,25,943899.321875,10.0805173424217,88382956903.0874,0.00295366014195849
0.025,0.05,30,943899.321875,10.0805173424217,88382956903.0875,0.00295366014195849
0.025,0.05,35,943899.321875,10.0805173424217,88382956903.0874,0.00295366014195849
0.025,0.05,40,943899.321875,10.0805173424217,88382956903.0875,0.00295366014195849
0.025,0.05,45,943899.321875,10.0805173424217,88382956903.0875,0.00295366014195849
0.025,0.05,50,943899.321875,10.0805173424217,88382956903.0875,0.00295366014195849
0.025,0.08,5,1415854.023125,10.0805532282811,198862360963.999,0.00664575897770859
0.025,0.08,10,1415854.023125,10.0805532282811,198862360963.999,0.0066457589777086
0.025,0.08,15,1415854.023125,10.0805532282811,198862360963.999,0.00664575897770859
0.025,0.08,20,1415854.023125,10.0805532282811,198862360963.999,0.00664575897770859
0.025,0.08,25,1415854.023125,10.0805532282811,198862360963.999,0.0066457589777086
0.025,0.08,30,1415854.023125,10.0805532282811,198862360963.999,0.00664575897770859
0.025,0.08,35,1415854.023125,10.0805532282811,198862360963.999,0.0066457589777086
0.025,0.08,40,1415854.023125,10.0805532282811,198862360963.999,0.00664575897770859
0.025,0.08,45,1415854.023125,10.0805532282811,198862360963.999,0.00664575897770859
0.025,0.08,50,1415854.023125,10.0805532282811,198862360963.999,0.00664575897770859
0.025,0.09,5,1651831.37375,10.0805634813838,270674044396.796,0.00904562558677635
0.025,0.09,10,1651831.37375,10.0805634813838,270674044396.796,0.00904562558677635
0.025,0.09,15,1651831.37375,10.0805634813838,270674044396.796,0.00904562558677635
0.025,0.09,20,1651831.37375,10.0805634813838,270674044396.796,0.00904562558677635
0.025,0.09,25,1651831.37375,10.0805634813838,270674044396.796,0.00904562558677636
0.025,0.09,30,1651831.37375,10.0805634813838,270674044396.796,0.00904562558677636
0.025,0.09,35,1651831.37375,10.0805634813838,270674044396.796,0.00904562558677635
0.025,0.09,40,1651831.37375,10.0805634813838,270674044396.796,0.00904562558677635
0.025,0.09,45,1651831.37375,10.0805634813838,270674044396.796,0.00904562558677635
0.025,0.09,50,1651831.37375,10.0805634813838,270674044396.796,0.00904562558677636
0.025,0.1,5,1887808.724375,10.0805711712109,353533715431.155,0.0118147036566393
0.025,0.1,10,1887808.724375,10.0805711712109,353533715431.155,0.0118147036566393
0.025,0.1,15,1887808.724375,10.0805711712109,353533715431.155,0.0118147036566393
0.025,0.1,20,1887808.724375,10.0805711712109,353533715431.155,0.0118147036566393
0.025,0.1,25,1887808.724375,10.0805711712109,353533715431.155,0.0118147036566393
0.025,0.1,30,1887808.724375,10.0805711712109,353533715431.155,0.0118147036566393
0.025,0.1,35,1887808.724375,10.0805711712109,353533715431.155,0.0118147036566393
0.025,0.1,40,1887808.724375,10.0805711712109,353533715431.155,0.0118147036566393
0.025,0.1,45,1887808.724375,10.0805711712109,353533715431.155,0.0118147036566393
0.025,0.1,50,1887808.724375,10.0805711712109,353533715431.155,0.0118147036566393
0.025,0.12,5,2123786.075,10.0805771521874,447441374067.075,0.0149529931872973
0.025,0.12,10,2123786.075,10.0805771521874,447441374067.075,0.0149529931872973
0.025,0.12,15,2123786.075,10.0805771521874,447441374067.075,0.0149529931872973
0.025,0.12,20,2123786.075,10.0805771521874,447441374067.075,0.0149529931872973
0.025,0.12,25,2123786.075,10.0805771521874,447441374067.075,0.0149529931872973
0.025,0.12,30,2123786.075,10.0805771521874,447441374067.075,0.0149529931872973
0.025,0.12,35,2123786.075,10.0805771521874,447441374067.075,0.0149529931872973
0.025,0.12,40,2123786.075,10.0805771521874,447441374067.075,0.0149529931872973
0.025,0.12,45,2123786.075,10.0805771521874,447441374067.075,0.0149529931872973
0.025,0.12,50,2123786.075,10.0805771521874,447441374067.075,0.0149529931872973
0.025,0.15,5,2831718.126875,10.0805891141406,795452275584.202,0.0265831305440423
0.025,0.15,10,2831718.126875,10.0805891141406,795452275584.203,0.0265831305440423
0.025,0.15,15,2831718.126875,10.0805891141406,795452275584.203,0.0265831305440423
0.025,0.15,20,2831718.126875,10.0805891141406,795452275584.202,0.0265831305440423
0.025,0.15,25,2831718.126875,10.0805891141406,795452275584.202,0.0265831305440423
0.025,0.15,30,2831718.126875,10.0805891141406,795452275584.202,0.0265831305440423
0.025,0.15,35,2831718.126875,10.0805891141406,795452275584.202,0.0265831305440423
0.025,0.15,40,2831718.126875,10.0805891141406,795452275584.203,0.0265831305440423
0.025,0.15,45,2831718.126875,10.0805891141406,795452275584.203,0.0265831305440423
0.025,0.15,50,2831718.126875,10.0805891141406,795452275584.202,0.0265831305440423
0.025,0.18,5,3303672.828125,10.0805942406919,1082699481270.09,0.0361826127525147
0.025,0.18,10,3303672.828125,10.0805942406919,1082699481270.09,0.0361826127525147
0.025,0.18,15,3303672.828125,10.0805942406919,1082699481270.09,0.0361826127525147
0.025,0.18,20,3303672.828125,10.0805942406919,1082699481270.09,0.0361826127525147
0.025,0.18,25,3303672.828125,10.0805942406919,1082699481270.09,0.0361826127525147
0.025,0.18,30,3303672.828125,10.0805942406919,1082699481270.09,0.0361826127525147
0.025,0.18,35,3303672.828125,10.0805942406919,1082699481270.09,0.0361826127525147
0.025,0.18,40,3303672.828125,10.0805942406919,1082699481270.09,0.0361826127525147
0.025,0.18,45,3303672.828125,10.0805942406919,1082699481270.09,0.0361826127525147
0.025,0.18,50,3303672.828125,10.0805942406919,1082699481270.09,0.0361826127525147
0.025,0.2,5,3539650.17875,10.0805962913125,1242895065515.38,0.0415361710479436
0.025,0.2,10,3539650.17875,10.0805962913125,1242895065515.38,0.0415361710479436
0.025,0.2,15,3539650.17875,10.0805962913125,1242895065515.38,0.0415361710479436
0.025,0.2,20,3539650.17875,10.0805962913125,1242895065515.38,0.0415361710479436
0.025,0.2,25,3539650.17875,10.0805962913125,1242895065515.38,0.0415361710479436
0.025,0.2,30,3539650.17875,10.0805962913125,1242895065515.38,0.0415361710479436
0.025,0.2,35,3539650.17875,10.0805962913125,1242895065515.38,0.0415361710479436
0.025,0.2,40,3539650.17875,10.0805962913125,1242895065515.38,0.0415361710479436
0.025,0.2,45,3539650.17875,10.0805962913125,1242895065515.38,0.0415361710479436
0.025,0.2,50,3539650.17875,10.0805962913125,1242895065515.38,0.0415361710479436
0.025,0.25,5,4483559.58125,10.0806023352467,1994157278512.14,0.0666425188376106
0.025,0.25,10,4483559.58125,10.0806023352467,1994157278512.14,0.0666425188376106
0.025,0.25,15,4483559.58125,10.0806023352467,1994157278512.14,0.0666425188376106
0.025,0.25,20,4483559.58125,10.0806023352467,1994157278512.14,0.0666425188376106
0.025,0.25,25,4483559.58125,10.0806023352467,1994157278512.14,0.0666425188376106
0.025,0.25,30,4483559.58125,10.0806023352467,1994157278512.14,0.0666425188376106
0.025,0.25,35,4483559.58125,10.0806023352467,1994157278512.14,0.0666425188376106
0.025,0.25,40,4483559.58125,10.0806023352467,1994157278512.14,0.0666425188376106
0.025,0.25,45,4483559.58125,10.0806023352467,1994157278512.14,0.0666425188376106
0.025,0.25,50,4483559.58125,10.0806023352467,1994157278512.14,0.0666425188376107
0.025,0.3,5,5427468.98375,10.0806062769429,2922187293133.89,0.09765625
0.025,0.3,10,5427468.98375,10.0806062769429,2922187293133.88,0.0976562499999999
0.025,0.3,15,5427468.98375,10.0806062769429,2922187293133.89,0.09765625
0.025,0.3,20,5427468.98375,10.0806062769429,2922187293133.89,0.09765625
0.025,0.3,25,5427468.98375,10.0806062769429,2922187293133.88,0.0976562499999999
0.025,0.3,30,5427468.98375,10.0806062769429,2922187293133.88,0.0976562499999999
0.025,0.3,35,5427468.98375,10.0806062769429,2922187293133.89,0.09765625
0.025,0.3,40,5427468.98375,10.0806062769429,2922187293133.88,0.0976562499999999
0.025,0.3,45,5427468.98375,10.0806062769429,2922187293133.89,0.09765625
0.025,0.3,50,5427468.98375,10.0806062769429,2922187293133.89,0.09765625
0.03,0.05,5,1359215.0235,14.5159449730873,127271457940.446,0.00425327060442023
0.03,0.05,10,1359215.0235,14.5159449730873,127271457940.446,0.00425327060442023
0.03,0.05,15,1359215.0235,14.5159449730873,127271457940.446,0.00425327060442023
0.03,0.05,20,1359215.0235,14.5159449730873,127271457940.446,0.00425327060442023
0.03,0.05,25,1359215.0235,14.5159449730873,127271457940.446,0.00425327060442023
0.03,0.05,30,1359215.0235,14.5159449730873,127271457940.446,0.00425327060442023
0.03,0.05,35,1359215.0235,14.5159449730873,127271457940.446,0.00425327060442023
0.03,0.05,40,1359215.0235,14.5159449730873,127271457940.446,0.00425327060442023
0.03,0.05,45,1359215.0235,14.5159449730873,127271457940.446,0.00425327060442023
0.03,0.05,50,1359215.0235,14.5159449730873,127271457940.446,0.00425327060442023
0.03,0.08,5,2038829.7933,14.5159966487248,286361799788.158,0.00956989292790037
0.03,0.08,10,2038829.7933,14.5159966487248,286361799788.158,0.00956989292790037
0.03,0.08,15,2038829.7933,14.5159966487248,286361799788.158,0.00956989292790037
0.03,0.08,20,2038829.7933,14.5159966487248,286361799788.158,0.00956989292790037
0.03,0.08,25,2038829.7933,14.5159966487248,286361799788.158,0.00956989292790037
0.03,0.08,30,2038829.7933,14.5159966487248,286361799788.158,0.00956989292790037
0.03,0.08,35,2038829.7933,14.5159966487248,286361799788.158,0.00956989292790037
0.03,0.08,40,2038829.7933,14.5159966487248,286361799788.158,0.00956989292790038
0.03,0.08,45,2038829.7933,14.5159966487248,286361799788.158,0.00956989292790037
0.03,0.08,50,2038829.7933,14.5159966487248,286361799788.158,0.00956989292790037
0.03,0.09,5,2378637.1782,14.5160114131927,389770623931.387,0.013025700844958
0.03,0.09,10,2378637.1782,14.5160114131927,389770623931.386,0.0130257008449579
0.03,0.09,15,2378637.1782,14.5160114131927,389770623931.386,0.013025700844958
0.03,0.09,20,2378637.1782,14.5160114131927,389770623931.386,0.0130257008449579
0.03,0.09,25,2378637.1782,14.5160114131927,389770623931.386,0.013025700844958
0.03,0.09,30,2378637.1782,14.5160114131927,389770623931.386,0.0130257008449579
0.03,0.09,35,2378637.1782,14.5160114131927,389770623931.386,0.0130257008449579
0.03,0.09,40,2378637.1782,14.5160114131927,389770623931.386,0.013025700844958
0.03,0.09,45,2378637.1782,14.5160114131927,389770623931.386,0.0130257008449579
0.03,0.09,50,2378637.1782,14.5160114131927,389770623931.386,0.013025700844958
0.03,0.1,5,2718444.5631,14.5160224865436,509088550220.863,0.0170131732655605
0.03,0.1,10,2718444.5631,14.5160224865436,509088550220.863,0.0170131732655605
0.03,0.1,15,2718444.5631,14.5160224865436,509088550220.863,0.0170131732655605
0.03,0.1,20,2718444.5631,14.5160224865436,509088550220.863,0.0170131732655605
0.03,0.1,25,2718444.5631,14.5160224865436,509088550220.863,0.0170131732655605
0.03,0.1,30,2718444.5631,14.5160224865436,509088550220.863,0.0170131732655605
0.03,0.1,35,2718444.5631,14.5160224865436,509088550220.863,0.0170131732655605
0.03,0.1,40,2718444.5631,14.5160224865436,509088550220.863,0.0170131732655605
0.03,0.1,45,2718444.5631,14.5160224865436,509088550220.863,0.0170131732655605
0.03,0.1,50,2718444.5631,14.5160224865436,509088550220.863,0.0170131732655605
0.03,0.12,5,3058251.948,14.5160310991499,644315578656.588,0.0215323101897081
0.03,0.12,10,3058251.948,14.5160310991499,644315578656.588,0.0215323101897081
0.03,0.12,15,3058251.948,14.5160310991499,644315578656.588,0.0215323101897081
0.03,0.12,20,3058251.948,14.5160310991499,644315578656.588,0.0215323101897081
0.03,0.12,25,3058251.948,14.5160310991499,644315578656.588,0.0215323101897081
0.03,0.12,30,3058251.948,14.5160310991499,644315578656.588,0.0215323101897081
0.03,0.12,35,3058251.948,14.5160310991499,644315578656.587,0.0215323101897081
0.03,0.12,40,3058251.948,14.5160310991499,644315578656.588,0.0215323101897081
0.03,0.12,45,3058251.948,14.5160310991499,644315578656.588,0.0215323101897081
0.03,0.12,50,3058251.948,14.5160310991499,644315578656.587,0.0215323101897081
0.03,0.15,5,4077674.1027,14.5160483243624,1145451276841.25,0.0382797079834209
0.03,0.15,10,4077674.1027,14.5160483243624,1145451276841.25,0.0382797079834209
0.03,0.15,15,4077674.1027,14.5160483243624,1145451276841.25,0.0382797079834209
0.03,0.15,20,4077674.1027,14.5160483243624,1145451276841.25,0.0382797079834209
0.03,0.15,25,4077674.1027,14.5160483243624,1145451276841.25,0.0382797079834209
0.03,0.15,30,4077674.1027,14.5160483243624,1145451276841.25,0.0382797079834209
0.03,0.15,35,4077674.1027,14.5160483243624,1145451276841.25,0.038279707983421
0.03,0.15,40,4077674.1027,14.5160483243624,1145451276841.25,0.0382797079834209
0.03,0.15,45,4077674.1027,14.5160483243624,1145451276841.25,0.0382797079834209
0.03,0.15,50,4077674.1027,14.5160483243624,1145451276841.25,0.0382797079834209
0.03,0.18,5,4757288.8725,14.5160557065964,1559087253028.93,0.0521029623636212
0.03,0.18,10,4757288.8725,14.5160557065964,1559087253028.93,0.0521029623636211
0.03,0.18,15,4757288.8725,14.5160557065964,1559087253028.93,0.0521029623636211
0.03,0.18,20,4757288.8725,14.5160557065964,1559087253028.93,0.0521029623636211
0.03,0.18,25,4757288.8725,14.5160557065964,1559087253028.93,0.0521029623636211
0.03,0.18,30,4757288.8725,14.5160557065964,1559087253028.93,0.0521029623636211
0.03,0.18,35,4757288.8725,14.5160557065964,1559087253028.93,0.0521029623636212
0.03,0.18,40,4757288.8725,14.5160557065964,1559087253028.93,0.0521029623636211
0.03,0.18,45,4757288.8725,14.5160557065964,1559087253028.93,0.0521029623636212
0.03,0.18,50,4757288.8725,14.5160557065964,1559087253028.93,0.0521029623636211
0.03,0.2,5,5097096.2574,14.5160586594899,1789768894342.15,0.0598120863090388
0.03,0.2,10,5097096.2574,14.5160586594899,1789768894342.15,0.0598120863090388
0.03,0.2,15,5097096.2574,14.5160586594899,1789768894342.15,0.0598120863090388
0.03,0.2,20,5097096.2574,14.5160586594899,1789768894342.15,0.0598120863090388
0.03,0.2,25,5097096.2574,14.5160586594899,1789768894342.15,0.0598120863090388
0.03,0.2,30,5097096.2574,14.5160586594899,1789768894342.15,0.0598120863090388
0.03,0.2,35,5097096.2574,14.5160586594899,1789768894342.15,0.0598120863090388
0.03,0.2,40,5097096.2574,14.5160586594899,1789768894342.15,0.0598120863090388
0.03,0.2,45,5097096.2574,14.5160586594899,1789768894342.15,0.0598120863090388
0.03,0.2,50,5097096.2574,14.5160586594899,1789768894342.15,0.0598120863090388
0.03,0.25,5,6456325.797,14.5160673627552,2871586481057.49,0.0959652271261593
0.03,0.25,10,6456325.797,14.5160673627552,2871586481057.49,0.0959652271261593
0.03,0.25,15,6456325.797,14.5160673627552,2871586481057.49,0.0959652271261593
0.03,0.25,20,6456325.797,14.5160673627552,2871586481057.49,0.0959652271261593
0.03,0.25,25,6456325.797,14.5160673627552,2871586481057.49,0.0959652271261593
0.03,0.25,30,6456325.797,14.5160673627552,2871586481057.48,0.0959652271261593
0.03,0.25,35,6456325.797,14.5160673627552,2871586481057.48,0.0959652271261593
0.03,0.25,40,6456325.797,14.5160673627552,2871586481057.49,0.0959652271261594
0.03,0.25,45,6456325.797,14.5160673627552,2871586481057.49,0.0959652271261593
0.03,0.25,50,6456325.797,14.5160673627552,2871586481057.49,0.0959652271261593
0.03,0.3,5,7815555.3366,14.5160730387978,4207949702112.79,0.140625
0.03,0.3,10,7815555.3366,14.5160730387978,4207949702112.79,0.140625
0.03,0.3,15,7815555.3366,14.5160730387978,4207949702112.79,0.140625
0.03,0.3,20,7815555.3366,14.5160730387978,4207949702112.79,0.140625
0.03,0.3,25,7815555.3366,14.5160730387978,4207949702112.79,0.140625
0.03,0.3,30,7815555.3366,14.5160730387978,4207949702112.79,0.140625
0.03,0.3,35,7815555.3366,14.5160730387978,4207949702112.79,0.140625
0.03,0.3,40,7815555.3366,14.5160730387978,4207949702112.79,0.140625
0.03,0.3,45,7815555.3366,14.5160730387978,4207949702112.79,0.140625
0.03,0.3,50,7815555.3366,14.5160730387978,4207949702112.79,0.140625
0.04,0.05,5,2416382.264,25.8061243965996,226260369671.904,0.00756136996341374
0.04,0.05,10,2416382.264,25.8061243965996,226260369671.904,0.00756136996341374
0.04,0.05,15,2416382.264,25.8061243965996,226260369671.904,0.00756136996341374
0.04,0.05,20,2416382.264,25.8061243965996,226260369671.904,0.00756136996341374
0.04,0.05,25,2416382.264,25.8061243965996,226260369671.904,0.00756136996341374
0.04,0.05,30,2416382.264,25.8061243965996,226260369671.904,0.00756136996341374
0.04,0.05,35,2416382.264,25.8061243965996,226260369671.904,0.00756136996341374
0.04,0.05,40,2416382.264,25.8061243965996,226260369671.904,0.00756136996341374
0.04,0.05,45,2416382.264,25.8061243965996,226260369671.904,0.00756136996341374
0.04,0.05,50,2416382.264,25.8061243965996,226260369671.904,0.00756136996341374
0.04,0.08,5,3624586.2992,25.8062162643997,509087644067.837,0.017013142982934
0.04,0.08,10,3624586.2992,25.8062162643997,509087644067.837,0.017013142982934
0.04,0.08,15,3624586.2992,25.8062162643997,509087644067.837,0.017013142982934
0.04,0.08,20,3624586.2992,25.8062162643997,509087644067.837,0.017013142982934
0.04,0.08,25,3624586.2992,25.8062162643997,509087644067.836,0.017013142982934
0.04,0.08,30,3624586.2992,25.8062162643997,509087644067.837,0.017013142982934
0.04,0.08,35,3624586.2992,25.8062162643997,509087644067.837,0.017013142982934
0.04,0.08,40,3624586.2992,25.8062162643997,509087644067.837,0.017013142982934
0.04,0.08,45,3624586.2992,25.8062162643997,509087644067.837,0.017013142982934
0.04,0.08,50,3624586.2992,25.8062162643997,509087644067.836,0.017013142982934
0.04,0.09,5,4228688.3168,25.8062425123426,692925553655.798,0.0231568015021475
0.04,0.09,10,4228688.3168,25.8062425123426,692925553655.798,0.0231568015021475
0.04,0.09,15,4228688.3168,25.8062425123426,692925553655.798,0.0231568015021475
0.04,0.09,20,4228688.3168,25.8062425123426,692925553655.798,0.0231568015021475
0.04,0.09,25,4228688.3168,25.8062425123426,692925553655.798,0.0231568015021475
0.04,0.09,30,4228688.3168,25.8062425123426,692925553655.798,0.0231568015021475
0.04,0.09,35,4228688.3168,25.8062425123426,692925553655.798,0.0231568015021475
0.04,0.09,40,4228688.3168,25.8062425123426,692925553655.798,0.0231568015021475
0.04,0.09,45,4228688.3168,25.8062425123426,692925553655.798,0.0231568015021475
0.04,0.09,50,4228688.3168,25.8062425123426,692925553655.798,0.0231568015021475
0.04,0.1,5,4832790.3344,25.8062621982998,905046311503.756,0.0302456413609965
0.04,0.1,10,4832790.3344,25.8062621982998,905046311503.757,0.0302456413609965
0.04,0.1,15,4832790.3344,25.8062621982998,905046311503.757,0.0302456413609965
0.04,0.1,20,4832790.3344,25.8062621982998,905046311503.757,0.0302456413609965
0.04,0.1,25,4832790.3344,25.8062621982998,905046311503.757,0.0302456413609965
0.04,0.1,30,4832790.3344,25.8062621982998,905046311503.756,0.0302456413609965
0.04,0.1,35,4832790.3344,25.8062621982998,905046311503.757,0.0302456413609965
0.04,0.1,40,4832790.3344,25.8062621982998,905046311503.757,0.0302456413609965
0.04,0.1,45,4832790.3344,25.8062621982998,905046311503.757,0.0302456413609965
0.04,0.1,50,4832790.3344,25.8062621982998,905046311503.756,0.0302456413609965
0.04,0.12,5,5436892.352,25.8062775095998,1145449917611.71,0.0382796625594811
0.04,0.12,10,5436892.352,25.8062775095998,1145449917611.71,0.0382796625594811
0.04,0.12,15,5436892.352,25.8062775095998,1145449917611.71,0.0382796625594811
0.04,0.12,20,5436892.352,25.8062775095998,1145449917611.71,0.0382796625594811
0.04,0.12,25,5436892.352,25.8062775095998,1145449917611.71,0.0382796625594811
0.04,0.12,30,5436892.352,25.8062775095998,1145449917611.71,0.0382796625594811
0.04,0.12,35,5436892.352,25.8062775095998,1145449917611.71,0.0382796625594811
0.04,0.12,40,5436892.352,25.8062775095998,1145449917611.71,0.0382796625594811
0.04,0.12,45,5436892.352,25.8062775095998,1145449917611.71,0.0382796625594811
0.04,0.12,50,5436892.352,25.8062775095998,1145449917611.71,0.0382796625594811
0.04,0.15,5,7249198.4048,25.8063081321999,2036357825495.56,0.0680528141927483
0.04,0.15,10,7249198.4048,25.8063081321999,2036357825495.56,0.0680528141927483
0.04,0.15,15,7249198.4048,25.8063081321999,2036357825495.56,0.0680528141927483
0.04,0.15,20,7249198.4048,25.8063081321999,2036357825495.56,0.0680528141927483
0.04,0.15,25,7249198.4048,25.8063081321999,2036357825495.56,0.0680528141927483
0.04,0.15,30,7249198.4048,25.8063081321999,2036357825495.56,0.0680528141927484
0.04,0.15,35,7249198.4048,25.8063081321999,2036357825495.56,0.0680528141927483
0.04,0.15,40,7249198.4048,25.8063081321999,2036357825495.56,0.0680528141927483
0.04,0.15,45,7249198.4048,25.8063081321999,2036357825495.56,0.0680528141927483
0.04,0.15,50,7249198.4048,25.8063081321999,2036357825495.56,0.0680528141927483
0.04,0.18,5,8457402.44,25.8063212561713,2771710672051.44,0.0926274886464376
0.04,0.18,10,8457402.44,25.8063212561713,2771710672051.44,0.0926274886464376
0.04,0.18,15,8457402.44,25.8063212561713,2771710672051.44,0.0926274886464376
0.04,0.18,20,8457402.44,25.8063212561713,2771710672051.44,0.0926274886464376
0.04,0.18,25,8457402.44,25.8063212561713,2771710672051.44,0.0926274886464376
0.04,0.18,30,8457402.44,25.8063212561713,2771710672051.44,0.0926274886464376
0.04,0.18,35,8457402.44,25.8063212561713,2771710672051.44,0.0926274886464376
0.04,0.18,40,8457402.44,25.8063212561713,2771710672051.44,0.0926274886464376
0.04,0.18,45,8457402.44,25.8063212561713,2771710672051.44,0.0926274886464376
0.04,0.18,50,8457402.44,25.8063212561713,2771710672051.44,0.0926274886464377
0.04,0.2,5,9061504.4576,25.8063265057599,3181811367719.38,0.106332597882736
0.04,0.2,10,9061504.4576,25.8063265057599,3181811367719.37,0.106332597882736
0.04,0.2,15,9061504.4576,25.8063265057599,3181811367719.37,0.106332597882736
0.04,0.2,20,9061504.4576,25.8063265057599,3181811367719.37,0.106332597882736
0.04,0.2,25,9061504.4576,25.8063265057599,3181811367719.38,0.106332597882736
0.04,0.2,30,9061504.4576,25.8063265057599,3181811367719.38,0.106332597882736
0.04,0.2,35,9061504.4576,25.8063265057599,3181811367719.38,0.106332597882736
0.04,0.2,40,9061504.4576,25.8063265057599,3181811367719.37,0.106332597882736
0.04,0.2,45,9061504.4576,25.8063265057599,3181811367719.37,0.106332597882736
0.04,0.2,50,9061504.4576,25.8063265057599,3181811367719.37,0.106332597882736
0.04,0.25,5,11477912.528,25.8063419782315,5105042632991.09,0.170604848224283
0.04,0.25,10,11477912.528,25.8063419782315,5105042632991.08,0.170604848224283
0.04,0.25,15,11477912.528,25.8063419782315,5105042632991.08,0.170604848224283
0.04,0.25,20,11477912.528,25.8063419782315,5105042632991.09,0.170604848224283
0.04,0.25,25,11477912.528,25.8063419782315,5105042632991.08,0.170604848224283
0.04,0.25,30,11477912.528,25.8063419782315,5105042632991.09,0.170604848224283
0.04,0.25,35,11477912.528,25.8063419782315,5105042632991.09,0.170604848224283
0.04,0.25,40,11477912.528,25.8063419782315,5105042632991.09,0.170604848224283
0.04,0.25,45,11477912.528,25.8063419782315,5105042632991.08,0.170604848224283
0.04,0.25,50,11477912.528,25.8063419782315,5105042632991.09,0.170604848224283
0.04,0.3,5,13894320.5984,25.8063520689739,7480799470422.75,0.25
0.04,0.3,10,13894320.5984,25.8063520689738,7480799470422.75,0.25
0.04,0.3,15,13894320.5984,25.8063520689739,7480799470422.74,0.25
0.04,0.3,20,13894320.5984,25.8063520689738,7480799470422.74,0.25
0.04,0.3,25,13894320.5984,25.8063520689738,7480799470422.75,0.25
0.04,0.3,30,13894320.5984,25.8063520689738,7480799470422.74,0.25
0.04,0.3,35,13894320.5984,25.8063520689738,7480799470422.75,0.25
0.04,0.3,40,13894320.5984,25.8063520689738,7480799470422.75,0.25
0.04,0.3,45,13894320.5984,25.8063520689738,7480799470422.75,0.25
0.04,0.3,50,13894320.5984,25.8063520689739,7480799470422.75,0.25
0.05,0.05,5,3775597.2875,40.3220693696869,353531827612.35,0.011814640567834
0.05,0.05,10,3775597.2875,40.3220693696869,353531827612.35,0.011814640567834
0.05,0.05,15,3775597.2875,40.3220693696869,353531827612.35,0.011814640567834
0.05,0.05,20,3775597.2875,40.3220693696869,353531827612.35,0.011814640567834
0.05,0.05,25,3775597.2875,40.3220693696869,353531827612.35,0.011814640567834
0.05,0.05,30,3775597.2875,40.3220693696869,353531827612.35,0.011814640567834
0.05,0.05,35,3775597.2875,40.3220693696869,353531827612.35,0.011814640567834
0.05,0.05,40,3775597.2875,40.3220693696869,353531827612.35,0.011814640567834
0.05,0.05,45,3775597.2875,40.3220693696869,353531827612.35,0.011814640567834
0.05,0.05,50,3775597.2875,40.3220693696869,353531827612.35,0.011814640567834
0.05,0.08,5,5663416.0925,40.3222129131246,795449443855.995,0.0265830359108344
0.05,0.08,10,5663416.0925,40.3222129131246,795449443855.995,0.0265830359108344
0.05,0.08,15,5663416.0925,40.3222129131246,795449443855.994,0.0265830359108344
0.05,0.08,20,5663416.0925,40.3222129131246,795449443855.995,0.0265830359108344
0.05,0.08,25,5663416.0925,40.3222129131246,795449443855.995,0.0265830359108344
0.05,0.08,30,5663416.0925,40.3222129131246,795449443855.995,0.0265830359108344
0.05,0.08,35,5663416.0925,40.3222129131246,795449443855.995,0.0265830359108344
0.05,0.08,40,5663416.0925,40.3222129131246,795449443855.995,0.0265830359108344
0.05,0.08,45,5663416.0925,40.3222129131246,795449443855.995,0.0265830359108344
0.05,0.08,50,5663416.0925,40.3222129131246,795449443855.995,0.0265830359108344
0.05,0.09,5,6607325.495,40.3222539255354,1082696177587.18,0.0361825023471054
0.05,0.09,10,6607325.495,40.3222539255354,1082696177587.18,0.0361825023471054
0.05,0.09,15,6607325.495,40.3222539255354,1082696177587.18,0.0361825023471054
0.05,0.09,20,6607325.495,40.3222539255354,1082696177587.18,0.0361825023471054
0.05,0.09,25,6607325.495,40.3222539255354,1082696177587.18,0.0361825023471054
0.05,0.09,30,6607325.495,40.3222539255353,1082696177587.18,0.0361825023471054
0.05,0.09,35,6607325.495,40.3222539255354,1082696177587.18,0.0361825023471054
0.05,0.09,40,6607325.495,40.3222539255354,1082696177587.18,0.0361825023471054
0.05,0.09,45,6607325.495,40.3222539255354,1082696177587.18,0.0361825023471054
0.05,0.09,50,6607325.495,40.3222539255354,1082696177587.18,0.0361825023471054
0.05,0.1,5,7551234.8975,40.3222846848434,1414134861724.62,0.0472588146265571
0.05,0.1,10,7551234.8975,40.3222846848434,1414134861724.62,0.0472588146265571
0.05,0.1,15,7551234.8975,40.3222846848434,1414134861724.62,0.047258814626557
0.05,0.1,20,7551234.8975,40.3222846848434,1414134861724.62,0.0472588146265571
0.05,0.1,25,7551234.8975,40.3222846848434,1414134861724.62,0.0472588146265571
0.05,0.1,30,7551234.8975,40.3222846848434,1414134861724.62,0.0472588146265571
0.05,0.1,35,7551234.8975,40.3222846848434,1414134861724.62,0.0472588146265571
0.05,0.1,40,7551234.8975,40.3222846848434,1414134861724.62,0.047258814626557
0.05,0.1,45,7551234.8975,40.3222846848434,1414134861724.62,0.0472588146265571
0.05,0.1,50,7551234.8975,40.3222846848434,1414134861724.62,0.0472588146265571
0.05,0.12,5,8495144.3,40.3223086087497,1789765496268.3,0.0598119727491892
0.05,0.12,10,8495144.3,40.3223086087497,1789765496268.3,0.0598119727491893
0.05,0.12,15,8495144.3,40.3223086087497,1789765496268.3,0.0598119727491892
0.05,0.12,20,8495144.3,40.3223086087497,1789765496268.3,0.0598119727491893
0.05,0.12,25,8495144.3,40.3223086087497,1789765496268.3,0.0598119727491893
0.05,0.12,30,8495144.3,40.3223086087497,1789765496268.3,0.0598119727491893
0.05,0.12,35,8495144.3,40.3223086087497,1789765496268.3,0.0598119727491892
0.05,0.12,40,8495144.3,40.3223086087497,1789765496268.3,0.0598119727491893
0.05,0.12,45,8495144.3,40.3223086087497,1789765496268.3,0.0598119727491893
0.05,0.12,50,8495144.3,40.3223086087497,1789765496268.3,0.0598119727491893
0.05,0.15,5,11326872.5075,40.3223564565623,3181809102336.81,0.106332522176169
0.05,0.15,10,11326872.5075,40.3223564565623,3181809102336.81,0.106332522176169
0.05,0.15,15,11326872.5075,40.3223564565623,3181809102336.81,0.106332522176169
0.05,0.15,20,11326872.5075,40.3223564565623,3181809102336.81,0.106332522176169
0.05,0.15,25,11326872.5075,40.3223564565623,3181809102336.81,0.106332522176169
0.05,0.15,30,11326872.5075,40.3223564565623,3181809102336.81,0.106332522176169
0.05,0.15,35,11326872.5075,40.3223564565623,3181809102336.81,0.106332522176169
0.05,0.15,40,11326872.5075,40.3223564565623,3181809102336.81,0.106332522176169
0.05,0.15,45,11326872.5075,40.3223564565623,3181809102336.81,0.106332522176169
0.05,0.15,50,11326872.5075,40.3223564565623,3181809102336.81,0.106332522176169
0.05,0.18,5,13214691.3125,40.3223769627677,4330797925080.38,0.144730451010059
0.05,0.18,10,13214691.3125,40.3223769627677,4330797925080.37,0.144730451010059
0.05,0.18,15,13214691.3125,40.3223769627677,4330797925080.38,0.144730451010059
0.05,0.18,20,13214691.3125,40.3223769627677,4330797925080.37,0.144730451010059
0.05,0.18,25,13214691.3125,40.3223769627677,4330797925080.37,0.144730451010059
0.05,0.18,30,13214691.3125,40.3223769627677,4330797925080.37,0.144730451010059
0.05,0.18,35,13214691.3125,40.3223769627677,4330797925080.37,0.144730451010059
0.05,0.18,40,13214691.3125,40.3223769627677,4330797925080.37,0.144730451010059
0.05,0.18,45,13214691.3125,40.3223769627677,4330797925080.37,0.144730451010059
0.05,0.18,50,13214691.3125,40.3223769627677,4330797925080.37,0.144730451010059
0.05,0.2,5,14158600.715,40.3223851652499,4971580262061.53,0.166144684191775
0.05,0.2,10,14158600.715,40.3223851652498,4971580262061.52,0.166144684191774
0.05,0.2,15,14158600.715,40.3223851652498,4971580262061.52,0.166144684191774
0.05,0.2,20,14158600.715,40.3223851652498,4971580262061.52,0.166144684191774
0.05,0.2,25,14158600.715,40.3223851652498,4971580262061.52,0.166144684191774
0.05,0.2,30,14158600.715,40.3223851652498,4971580262061.52,0.166144684191774
0.05,0.2,35,14158600.715,40.3223851652498,4971580262061.52,0.166144684191774
0.05,0.2,40,14158600.715,40.3223851652498,4971580262061.52,0.166144684191774
0.05,0.2,45,14158600.715,40.3223851652498,4971580262061.52,0.166144684191774
0.05,0.2,50,14158600.715,40.3223851652498,4971580262061.52,0.166144684191774
0.05,0.25,5,17934238.325,40.3224093409867,7976629114048.57,0.266570075350442
0.05,0.25,10,17934238.325,40.3224093409867,7976629114048.57,0.266570075350443
0.05,0.25,15,17934238.325,40.3224093409867,7976629114048.57,0.266570075350442
0.05,0.25,20,17934238.325,40.3224093409867,7976629114048.57,0.266570075350443
0.05,0.25,25,17934238.325,40.3224093409867,7976629114048.58,0.266570075350443
0.05,0.25,30,17934238.325,40.3224093409867,7976629114048.57,0.266570075350443
0.05,0.25,35,17934238.325,40.3224093409867,7976629114048.57,0.266570075350443
0.05,0.25,40,17934238.325,40.3224093409867,7976629114048.57,0.266570075350443
0.05,0.25,45,17934238.325,40.3224093409867,7976629114048.57,0.266570075350443
0.05,0.25,50,17934238.325,40.3224093409867,7976629114048.57,0.266570075350443
0.05,0.3,5,21709875.935,40.3224251077716,11688749172535.5,0.390625
0.05,0.3,10,21709875.935,40.3224251077716,11688749172535.5,0.390625
0.05,0.3,15,21709875.935,40.3224251077716,11688749172535.5,0.390625
0.05,0.3,20,21709875.935,40.3224251077716,11688749172535.5,0.390625
0.05,0.3,25,21709875.935,40.3224251077717,11688749172535.6,0.390625
0.05,0.3,30,21709875.935,40.3224251077716,11688749172535.5,0.390625
0.05,0.3,35,21709875.935,40.3224251077716,11688749172535.5,0.390625
0.05,0.3,40,21709875.935,40.3224251077716,11688749172535.5,0.390625
0.05,0.3,45,21709875.935,40.3224251077716,11688749172535.5,0.390625
0.05,0.3,50,21709875.935,40.3224251077716,11688749172535.5,0.390625
0.06,0.05,5,5436860.094,58.0637798923491,509085831761.784,0.0170130824176809
0.06,0.05,10,5436860.094,58.0637798923491,509085831761.784,0.0170130824176809
0.06,0.05,15,5436860.094,58.0637798923491,509085831761.784,0.0170130824176809
0.06,0.05,20,5436860.094,58.0637798923491,509085831761.784,0.0170130824176809
0.06,0.05,25,5436860.094,58.0637798923491,509085831761.784,0.0170130824176809
0.06,0.05,30,5436860.094,58.0637798923491,509085831761.784,0.0170130824176809
0.06,0.05,35,5436860.094,58.0637798923491,509085831761.783,0.0170130824176809
0.06,0.05,40,5436860.094,58.0637798923491,509085831761.783,0.0170130824176809
0.06,0.05,45,5436860.094,58.0637798923491,509085831761.784,0.0170130824176809
0.06,0.05,50,5436860.094,58.0637798923491,509085831761.784,0.0170130824176809
0.06,0.08,5,8155319.1732,58.0639865948994,1145447199152.63,0.0382795717116015
0.06,0.08,10,8155319.1732,58.0639865948994,1145447199152.63,0.0382795717116015
0.06,0.08,15,8155319.1732,58.0639865948994,1145447199152.63,0.0382795717116015
0.06,0.08,20,8155319.1732,58.0639865948994,1145447199152.63,0.0382795717116015
0.06,0.08,25,8155319.1732,58.0639865948994,1145447199152.63,0.0382795717116015
0.06,0.08,30,8155319.1732,58.0639865948994,1145447199152.63,0.0382795717116015
0.06,0.08,35,8155319.1732,58.0639865948994,1145447199152.63,0.0382795717116015
0.06,0.08,40,8155319.1732,58.0639865948994,1145447199152.63,0.0382795717116015
0.06,0.08,45,8155319.1732,58.0639865948994,1145447199152.63,0.0382795717116015
0.06,0.08,50,8155319.1732,58.0639865948994,1145447199152.63,0.0382795717116015
0.06,0.09,5,9514548.7128,58.0640456527709,1559082495725.55,0.0521028033798318
0.06,0.09,10,9514548.7128,58.0640456527709,1559082495725.55,0.0521028033798318
0.06,0.09,15,9514548.7128,58.0640456527709,1559082495725.55,0.0521028033798318
0.06,0.09,20,9514548.7128,58.0640456527709,1559082495725.55,0.0521028033798318
0.06,0.09,25,9514548.7128,58.0640456527709,1559082495725.55,0.0521028033798318
0.06,0.09,30,9514548.7128,58.0640456527709,1559082495725.55,0.0521028033798318
0.06,0.09,35,9514548.7128,58.0640456527709,1559082495725.55,0.0521028033798318
0.06,0.09,40,9514548.7128,58.0640456527709,1559082495725.55,0.0521028033798318
0.06,0.09,45,9514548.7128,58.0640456527709,1559082495725.55,0.0521028033798318
0.06,0.09,50,9514548.7128,58.0640456527709,1559082495725.55,0.0521028033798318
0.06,0.1,5,10873778.2524,58.0640899461745,2036354200883.45,0.0680526930622421
0.06,0.1,10,10873778.2524,58.0640899461745,2036354200883.45,0.0680526930622421
0.06,0.1,15,10873778.2524,58.0640899461745,2036354200883.45,0.0680526930622421
0.06,0.1,20,10873778.2524,58.0640899461745,2036354200883.45,0.0680526930622422
0.06,0.1,25,10873778.2524,58.0640899461745,2036354200883.45,0.0680526930622422
0.06,0.1,30,10873778.2524,58.0640899461745,2036354200883.45,0.0680526930622422
0.06,0.1,35,10873778.2524,58.0640899461746,2036354200883.45,0.0680526930622422
0.06,0.1,40,10873778.2524,58.0640899461746,2036354200883.45,0.0680526930622422
0.06,0.1,45,10873778.2524,58.0640899461746,2036354200883.45,0.0680526930622421
0.06,0.1,50,10873778.2524,58.0640899461745,2036354200883.45,0.0680526930622421
0.06,0.12,5,12233007.792,58.0641243965996,2577262314626.35,0.0861292407588325
0.06,0.12,10,12233007.792,58.0641243965996,2577262314626.35,0.0861292407588325
0.06,0.12,15,12233007.792,58.0641243965996,2577262314626.35,0.0861292407588325
0.06,0.12,20,12233007.792,58.0641243965996,2577262314626.35,0.0861292407588325
0.06,0.12,25,12233007.792,58.0641243965996,2577262314626.35,0.0861292407588325
0.06,0.12,30,12233007.792,58.0641243965996,2577262314626.35,0.0861292407588325
0.06,0.12,35,12233007.792,58.0641243965996,2577262314626.35,0.0861292407588325
0.06,0.12,40,12233007.792,58.0641243965996,2577262314626.35,0.0861292407588325
0.06,0.12,45,12233007.792,58.0641243965996,2577262314626.35,0.0861292407588325
0.06,0.12,50,12233007.792,58.0641243965996,2577262314626.35,0.0861292407588325
0.06,0.15,5,16310696.4108,58.0641932974497,4581805107365,0.153118831933684
0.06,0.15,10,16310696.4108,58.0641932974497,4581805107365,0.153118831933684
0.06,0.15,15,16310696.4108,58.0641932974497,4581805107365,0.153118831933684
0.06,0.15,20,16310696.4108,58.0641932974497,4581805107365,0.153118831933684
0.06,0.15,25,16310696.4108,58.0641932974497,4581805107365,0.153118831933684
0.06,0.15,30,16310696.4108,58.0641932974497,4581805107365.01,0.153118831933684
0.06,0.15,35,16310696.4108,58.0641932974497,4581805107365,0.153118831933684
0.06,0.15,40,16310696.4108,58.0641932974497,4581805107365.01,0.153118831933684
0.06,0.15,45,16310696.4108,58.0641932974497,4581805107365,0.153118831933684
0.06,0.15,50,16310696.4108,58.0641932974497,4581805107365,0.153118831933684
0.06,0.18,5,19029155.49,58.0642228263855,6236349012115.73,0.208411849454485
0.06,0.18,10,19029155.49,58.0642228263855,6236349012115.74,0.208411849454485
0.06,0.18,15,19029155.49,58.0642228263855,6236349012115.74,0.208411849454485
0.06,0.18,20,19029155.49,58.0642228263855,6236349012115.74,0.208411849454485
0.06,0.18,25,19029155.49,58.0642228263855,6236349012115.74,0.208411849454485
0.06,0.18,30,19029155.49,58.0642228263854,6236349012115.74,0.208411849454485
0.06,0.18,35,19029155.49,58.0642228263855,6236349012115.74,0.208411849454485
0.06,0.18,40,19029155.49,58.0642228263855,6236349012115.74,0.208411849454485
0.06,0.18,45,19029155.49,58.0642228263855,6236349012115.74,0.208411849454485
0.06,0.18,50,19029155.49,58.0642228263855,6236349012115.74,0.208411849454485
0.06,0.2,5,20388385.0296,58.0642346379598,7159075577368.59,0.239248345236155
0.06,0.2,10,20388385.0296,58.0642346379598,7159075577368.59,0.239248345236155
0.06,0.2,15,20388385.0296,58.0642346379598,7159075577368.59,0.239248345236155
0.06,0.2,20,20388385.0296,58.0642346379598,7159075577368.59,0.239248345236155
0.06,0.2,25,20388385.0296,58.0642346379597,7159075577368.59,0.239248345236155
0.06,0.2,30,20388385.0296,58.0642346379598,7159075577368.59,0.239248345236155
0.06,0.2,35,20388385.0296,58.0642346379598,7159075577368.59,0.239248345236155
0.06,0.2,40,20388385.0296,58.0642346379598,7159075577368.59,0.239248345236155
0.06,0.2,45,20388385.0296,58.0642346379598,7159075577368.59,0.239248345236155
0.06,0.2,50,20388385.0296,58.0642346379598,7159075577368.59,0.239248345236155
0.06,0.25,5,25825303.188,58.0642694510208,11486345924229.9,0.383860908504637
0.06,0.25,10,25825303.188,58.0642694510209,11486345924229.9,0.383860908504637
0.06,0.25,15,25825303.188,58.0642694510209,11486345924229.9,0.383860908504637
0.06,0.25,20,25825303.188,58.0642694510209,11486345924229.9,0.383860908504637
0.06,0.25,25,25825303.188,58.0642694510209,11486345924229.9,0.383860908504637
0.06,0.25,30,25825303.188,58.0642694510209,11486345924229.9,0.383860908504637
0.06,0.25,35,25825303.188,58.0642694510209,11486345924229.9,0.383860908504637
0.06,0.25,40,25825303.188,58.0642694510208,11486345924229.9,0.383860908504637
0.06,0.25,45,25825303.188,58.0642694510209,11486345924229.9,0.383860908504637
0.06,0.25,50,25825303.188,58.0642694510209,11486345924229.9,0.383860908504637
0.06,0.3,5,31262221.3464,58.0642921551911,16831798808451.2,0.562499999999999
0.06,0.3,10,31262221.3464,58.0642921551912,16831798808451.2,0.5625
0.06,0.3,15,31262221.3464,58.0642921551911,16831798808451.2,0.5625
0.06,0.3,20,31262221.3464,58.0642921551911,16831798808451.2,0.5625
0.06,0.3,25,31262221.3464,58.0642921551911,16831798808451.2,0.5625
0.06,0.3,30,31262221.3464,58.0642921551912,16831798808451.2,0.5625
0.06,0.3,35,31262221.3464,58.0642921551911,16831798808451.2,0.5625
0.06,0.3,40,31262221.3464,58.0642921551911,16831798808451.2,0.5625
0.06,0.3,45,31262221.3464,58.0642921551911,16831798808451.2,0.5625
0.06,0.3,50,31262221.3464,58.0642921551912,16831798808451.2,0.5625
0.08,0.05,5,9665529.056,103.224497586398,905041478687.616,0.030245479853655
0.08,0.05,10,9665529.05600001,103.224497586398,905041478687.616,0.030245479853655
0.08,0.05,15,9665529.056,103.224497586398,905041478687.616,0.030245479853655
0.08,0.05,20,9665529.056,103.224497586398,905041478687.616,0.030245479853655
0.08,0.05,25,9665529.056,103.224497586398,905041478687.615,0.0302454798536549
0.08,0.05,30,9665529.056,103.224497586398,905041478687.615,0.0302454798536549
0.08,0.05,35,9665529.056,103.224497586398,905041478687.616,0.030245479853655
0.08,0.05,40,9665529.056,103.224497586398,905041478687.616,0.030245479853655
0.08,0.05,45,9665529.056,103.224497586398,905041478687.615,0.030245479853655
0.08,0.05,50,9665529.056,103.224497586398,905041478687.616,0.030245479853655
0.08,0.08,5,14498345.1968,103.224865057599,2036350576271.35,0.068052571931736
0.08,0.08,10,14498345.1968,103.224865057599,2036350576271.35,0.068052571931736
0.08,0.08,15,14498345.1968,103.224865057599,2036350576271.35,0.068052571931736
0.08,0.08,20,14498345.1968,103.224865057599,2036350576271.35,0.068052571931736
0.08,0.08,25,14498345.1968,103.224865057599,2036350576271.35,0.068052571931736
0.08,0.08,30,14498345.1968,103.224865057599,2036350576271.35,0.068052571931736
0.08,0.08,35,14498345.1968,103.224865057599,2036350576271.35,0.068052571931736
0.08,0.08,40,14498345.1968,103.224865057599,2036350576271.35,0.068052571931736
0.08,0.08,45,14498345.1968,103.224865057599,2036350576271.35,0.068052571931736
0.08,0.08,50,14498345.1968,103.224865057599,2036350576271.35,0.068052571931736
0.08,0.09,5,16914753.2672,103.224970049371,2771702214623.19,0.0926272060085899
0.08,0.09,10,16914753.2672,103.224970049371,2771702214623.19,0.0926272060085899
0.08,0.09,15,16914753.2672,103.224970049371,2771702214623.19,0.0926272060085899
0.08,0.09,20,16914753.2672,103.224970049371,2771702214623.19,0.0926272060085899
0.08,0.09,25,16914753.2672,103.224970049371,2771702214623.19,0.0926272060085899
0.08,0.09,30,16914753.2672,103.224970049371,2771702214623.19,0.0926272060085899
0.08,0.09,35,16914753.2672,103.22497004937,2771702214623.19,0.0926272060085899
0.08,0.09,40,16914753.2672,103.22497004937,2771702214623.19,0.0926272060085899
0.08,0.09,45,16914753.2672,103.224970049371,2771702214623.19,0.0926272060085899
0.08,0.09,50,16914753.2672,103.224970049371,2771702214623.19,0.0926272060085899
0.08,0.1,5,19331161.3376,103.225048793199,3620185246015.03,0.120982565443986
0.08,0.1,10,19331161.3376,103.225048793199,3620185246015.03,0.120982565443986
0.08,0.1,15,19331161.3376,103.225048793199,3620185246015.03,0.120982565443986
0.08,0.1,20,19331161.3376,103.225048793199,3620185246015.03,0.120982565443986
0.08,0.1,25,19331161.3376,103.225048793199,3620185246015.03,0.120982565443986
0.08,0.1,30,19331161.3376,103.225048793199,3620185246015.03,0.120982565443986
0.08,0.1,35,19331161.3376,103.225048793199,3620185246015.03,0.120982565443986
0.08,0.1,40,19331161.3376,103.225048793199,3620185246015.03,0.120982565443986
0.08,0.1,45,19331161.3376,103.225048793199,3620185246015.03,0.120982565443986
0.08,0.1,50,19331161.3376,103.225048793199,3620185246015.02,0.120982565443986
0.08,0.12,5,21747569.408,103.225110038399,4581799670446.85,0.153118650237925
0.08,0.12,10,21747569.408,103.225110038399,4581799670446.85,0.153118650237925
0.08,0.12,15,21747569.408,103.225110038399,4581799670446.85,0.153118650237925
0.08,0.12,20,21747569.408,103.225110038399,4581799670446.85,0.153118650237924
0.08,0.12,25,21747569.408,103.225110038399,4581799670446.85,0.153118650237925
0.08,0.12,30,21747569.408,103.225110038399,4581799670446.84,0.153118650237924
0.08,0.12,35,21747569.408,103.225110038399,4581799670446.84,0.153118650237924
0.08,0.12,40,21747569.408,103.225110038399,4581799670446.85,0.153118650237924
0.08,0.12,45,21747569.408,103.225110038399,4581799670446.85,0.153118650237924
0.08,0.12,50,21747569.408,103.225110038399,4581799670446.85,0.153118650237924
0.08,0.15,5,28996793.6192,103.225232528799,8145431301982.23,0.272211256770993
0.08,0.15,10,28996793.6192,103.225232528799,8145431301982.23,0.272211256770993
0.08,0.15,15,28996793.6192,103.225232528799,8145431301982.23,0.272211256770993
0.08,0.15,20,28996793.6192,103.225232528799,8145431301982.23,0.272211256770993
0.08,0.15,25,28996793.6192,103.225232528799,8145431301982.23,0.272211256770993
0.08,0.15,30,28996793.6192,103.225232528799,8145431301982.23,0.272211256770993
0.08,0.15,35,28996793.6192,103.225232528799,8145431301982.23,0.272211256770993
0.08,0.15,40,28996793.6192,103.225232528799,8145431301982.23,0.272211256770993
0.08,0.15,45,28996793.6192,103.225232528799,8145431301982.23,0.272211256770993
0.08,0.15,50,28996793.6192,103.225232528799,8145431301982.23,0.272211256770993
0.08,0.18,5,33829609.76,103.225285024685,11086842688205.8,0.37050995458575
0.08,0.18,10,33829609.76,103.225285024685,11086842688205.8,0.37050995458575
0.08,0.18,15,33829609.76,103.225285024685,11086842688205.8,0.370509954585751
0.08,0.18,20,33829609.76,103.225285024685,11086842688205.8,0.37050995458575
0.08,0.18,25,33829609.76,103.225285024685,11086842688205.8,0.37050995458575
0.08,0.18,30,33829609.76,103.225285024685,11086842688205.8,0.37050995458575
0.08,0.18,35,33829609.76,103.225285024685,11086842688205.8,0.370509954585751
0.08,0.18,40,33829609.76,103.225285024685,11086842688205.8,0.37050995458575
0.08,0.18,45,33829609.76,103.225285024685,11086842688205.8,0.37050995458575
0.08,0.18,50,33829609.76,103.225285024685,11086842688205.8,0.370509954585751
0.08,0.2,5,36246017.8304,103.22530602304,12727245470877.5,0.425330391530942
0.08,0.2,10,36246017.8304,103.22530602304,12727245470877.5,0.425330391530943
0.08,0.2,15,36246017.8304,103.22530602304,12727245470877.5,0.425330391530942
0.08,0.2,20,36246017.8304,103.22530602304,12727245470877.5,0.425330391530942
0.08,0.2,25,36246017.8304,103.22530602304,12727245470877.5,0.425330391530942
0.08,0.2,30,36246017.8304,103.22530602304,12727245470877.5,0.425330391530942
0.08,0.2,35,36246017.8304,103.22530602304,12727245470877.5,0.425330391530942
0.08,0.2,40,36246017.8304,103.22530602304,12727245470877.5,0.425330391530942
0.08,0.2,45,36246017.8304,103.22530602304,12727245470877.5,0.425330391530942
0.08,0.2,50,36246017.8304,103.22530602304,12727245470877.5,0.425330391530942
0.08,0.25,5,45911650.112,103.225367912926,20420170531964.3,0.682419392897132
0.08,0.25,10,45911650.112,103.225367912926,20420170531964.3,0.682419392897133
0.08,0.25,15,45911650.112,103.225367912926,20420170531964.3,0.682419392897133
0.08,0.25,20,45911650.112,103.225367912926,20420170531964.3,0.682419392897133
0.08,0.25,25,45911650.112,103.225367912926,20420170531964.3,0.682419392897133
0.08,0.25,30,45911650.112,103.225367912926,20420170531964.3,0.682419392897133
0.08,0.25,35,45911650.112,103.225367912926,20420170531964.3,0.682419392897133
0.08,0.25,40,45911650.112,103.225367912926,20420170531964.3,0.682419392897133
0.08,0.25,45,45911650.112,103.225367912926,20420170531964.3,0.682419392897133
0.08,0.25,50,45911650.112,103.225367912926,20420170531964.3,0.682419392897133
0.08,0.3,5,55577282.3936,103.225408275895,29923197881691,1
0.08,0.3,10,55577282.3936,103.225408275895,29923197881691,1
0.08,0.3,15,55577282.3936,103.225408275895,29923197881691,0.999999999999999
0.08,0.3,20,55577282.3936,103.225408275895,29923197881691,1
0.08,0.3,25,55577282.3936,103.225408275895,29923197881691,0.999999999999999
0.08,0.3,30,55577282.3936,103.225408275895,29923197881691,1
0.08,0.3,35,55577282.3936,103.225408275895,29923197881691,0.999999999999999
0.08,0.3,40,55577282.3936,103.225408275895,29923197881691,1
0.08,0.3,45,55577282.3936,103.225408275895,29923197881691,0.999999999999999
0.08,0.3,50,55577282.3936,103.225408275895,29923197881691,1
